{
  "project_info": {
    "project_number": "421556273403",
    "project_id": "nocts-gmi-caaed",
    "storage_bucket": "nocts-gmi-caaed.firebasestorage.app"
  },
  "client": [
    {
      "client_info": {
        "mobilesdk_app_id": "1:421556273403:android:b635a58eaa96ff00f3f05e",
        "android_client_info": {
          "package_name": "com.azfar.nocts"
        }
      },
      "oauth_client": [],
      "api_key": [
        {
          "current_key": "AIzaSyCqJLcgSImVlSr8GfalDbo92wQNqqb_4K8"
        }
      ],
      "services": {
        "appinvite_service": {
          "other_platform_oauth_client": []
        }
      }
    }
  ],
  "configuration_version": "1"
}